Slug,Name,State,Coverage Status,Key Towns,SEO Title,Meta Description,Name ES,SEO Title ES,Meta Description ES
utah,Utah,Utah,Statewide,"St. George, Cedar City, Kanab, Parowan, Fillmore, Beaver, Richfield, Monticello",Is Utah Covered Under RECA? Every County Qualifies,"All Utah counties are covered under the 2025 RECA reauthorization. Covered conditions, filing deadline, and a free eligibility check with no email required.",Utah,¿Utah está cubierto por RECA? Todos los condados califican,"Todos los condados de Utah están cubiertos bajo la reautorización de RECA de 2025. Condiciones cubiertas, fecha límite de presentación y una verificación gratuita de elegibilidad sin correo electrónico."
new-mexico,New Mexico,New Mexico,Statewide,"Tularosa, Alamogordo, Carrizozo, Socorro, Ruidoso, Grants, Gallup, Shiprock",Is New Mexico Covered Under RECA? Every County Qualifies,"All New Mexico counties are covered under the 2025 RECA reauthorization, including Trinity test downwinders. Free eligibility check, no email required.",Nuevo México,¿Nuevo México está cubierto por RECA? Todos los condados califican,"Todos los condados de Nuevo México están cubiertos bajo la reautorización de RECA de 2025, incluidos los afectados por el ensayo Trinity. Verificación gratuita de elegibilidad, sin correo electrónico."
idaho,Idaho,Idaho,Statewide,"Boise, Idaho Falls, Pocatello, Twin Falls, Blackfoot, Rexburg",Is Idaho Covered Under RECA? Every County Qualifies,All Idaho counties became covered under the 2025 RECA reauthorization. Most Idaho families have not heard of the program. Free eligibility check.,Idaho,¿Idaho está cubierto por RECA? Todos los condados califican,Todos los condados de Idaho quedaron cubiertos bajo la reautorización de RECA de 2025. La mayoría de las familias de Idaho no han oído del programa. Verificación gratuita de elegibilidad.
arizona,Arizona,Arizona,Six counties only,"Flagstaff, Kingman, Prescott, Winslow, Globe, Window Rock",Which Arizona Counties Are Covered Under RECA?,"Only six Arizona counties are covered: Coconino, Yavapai, Navajo, Apache, Gila and Mohave. Phoenix and Tucson are not covered. Free eligibility check.",Arizona,¿Qué condados de Arizona están cubiertos por RECA?,"Solo seis condados de Arizona están cubiertos: Coconino, Yavapai, Navajo, Apache, Gila y Mohave. Phoenix y Tucson no están cubiertos. Verificación gratuita de elegibilidad."
arizona/coconino-county,Coconino County,Arizona,Covered,"Flagstaff, Page, Williams, Tuba City, Fredonia",Coconino County RECA Claims: Covered Area Guide,"Coconino County, Arizona is a covered RECA downwinder area. Flagstaff, Page, Williams and Tuba City residents may qualify. Free eligibility check.",Condado de Coconino,Reclamos RECA del condado de Coconino: guía del área cubierta,"El condado de Coconino, Arizona, es un área cubierta de downwinders bajo RECA. Residentes de Flagstaff, Page, Williams y Tuba City pueden calificar. Verificación gratuita de elegibilidad."
arizona/mohave-county,Mohave County,Arizona,Covered,"Kingman, Bullhead City, Lake Havasu City, Colorado City",Mohave County RECA Claims: Covered Area Guide,"Mohave County, Arizona is a covered RECA downwinder area. Kingman, Bullhead City and Colorado City residents may qualify. Free eligibility check.",Condado de Mohave,Reclamos RECA del condado de Mohave: guía del área cubierta,"El condado de Mohave, Arizona, es un área cubierta de downwinders bajo RECA. Residentes de Kingman, Bullhead City y Colorado City pueden calificar. Verificación gratuita de elegibilidad."
arizona/navajo-county,Navajo County,Arizona,Covered,"Winslow, Holbrook, Show Low, Kayenta, Pinetop-Lakeside",Navajo County RECA Claims: Covered Area Guide,"Navajo County, Arizona is a covered RECA downwinder area. Winslow, Holbrook and Kayenta residents may qualify. Free eligibility check, no email.",Condado de Navajo,Reclamos RECA del condado de Navajo: guía del área cubierta,"El condado de Navajo, Arizona, es un área cubierta de downwinders bajo RECA. Residentes de Winslow, Holbrook y Kayenta pueden calificar. Verificación gratuita, sin correo electrónico."
arizona/apache-county,Apache County,Arizona,Covered,"St. Johns, Chinle, Window Rock, Ganado, Springerville",Apache County RECA Claims: Covered Area Guide,"Apache County, Arizona is a covered RECA downwinder area. St. Johns, Chinle and Window Rock residents may qualify. Free eligibility check.",Condado de Apache,Reclamos RECA del condado de Apache: guía del área cubierta,"El condado de Apache, Arizona, es un área cubierta de downwinders bajo RECA. Residentes de St. Johns, Chinle y Window Rock pueden calificar. Verificación gratuita de elegibilidad."
arizona/yavapai-county,Yavapai County,Arizona,Covered,"Prescott, Cottonwood, Camp Verde, Chino Valley",Yavapai County RECA Claims: Covered Area Guide,"Yavapai County, Arizona is a covered RECA downwinder area. Prescott, Cottonwood and Camp Verde residents may qualify. Free eligibility check.",Condado de Yavapai,Reclamos RECA del condado de Yavapai: guía del área cubierta,"El condado de Yavapai, Arizona, es un área cubierta de downwinders bajo RECA. Residentes de Prescott, Cottonwood y Camp Verde pueden calificar. Verificación gratuita de elegibilidad."
arizona/gila-county,Gila County,Arizona,Covered,"Globe, Payson, Miami, Star Valley",Gila County RECA Claims: Covered Area Guide,"Gila County, Arizona is a covered RECA downwinder area. Globe, Payson and Miami residents may qualify. Free eligibility check, no email required.",Condado de Gila,Reclamos RECA del condado de Gila: guía del área cubierta,"El condado de Gila, Arizona, es un área cubierta de downwinders bajo RECA. Residentes de Globe, Payson y Miami pueden calificar. Verificación gratuita, sin correo electrónico."
nevada,Nevada,Nevada,Certain counties only,"Ely, Tonopah, Caliente, Pioche, Battle Mountain",Which Nevada Counties Are Covered Under RECA?,"Only certain Nevada counties are covered: Eureka, Lander, Lincoln, Nye, White Pine and part of Clark. Las Vegas is not covered. Free eligibility check.",Nevada,¿Qué condados de Nevada están cubiertos por RECA?,"Solo ciertos condados de Nevada están cubiertos: Eureka, Lander, Lincoln, Nye, White Pine y parte de Clark. Las Vegas no está cubierta. Verificación gratuita de elegibilidad."
nevada/lincoln-county,Lincoln County,Nevada,Covered,"Caliente, Panaca, Pioche, Alamo",Lincoln County NV RECA Claims: Covered Area Guide,"Lincoln County, Nevada is a covered RECA downwinder area. Caliente, Panaca and Pioche residents may qualify. Free eligibility check, no email.",Condado de Lincoln,Reclamos RECA del condado de Lincoln NV: guía del área cubierta,"El condado de Lincoln, Nevada, es un área cubierta de downwinders bajo RECA. Residentes de Caliente, Panaca y Pioche pueden calificar. Verificación gratuita, sin correo electrónico."
nevada/nye-county,Nye County,Nevada,Covered,"Tonopah, Pahrump, Beatty, Amargosa Valley",Nye County NV RECA Claims: Covered Area Guide,"Nye County, Nevada is a covered RECA downwinder area. Tonopah, Pahrump and Beatty residents may qualify. Free eligibility check, no email required.",Condado de Nye,Reclamos RECA del condado de Nye NV: guía del área cubierta,"El condado de Nye, Nevada, es un área cubierta de downwinders bajo RECA. Residentes de Tonopah, Pahrump y Beatty pueden calificar. Verificación gratuita, sin correo electrónico."
nevada/white-pine-county,White Pine County,Nevada,Covered,"Ely, Ruth, McGill, Lund",White Pine County NV RECA Claims: Covered Area Guide,"White Pine County, Nevada is a covered RECA downwinder area. Ely, Ruth and McGill residents may qualify. Free eligibility check, no email.",Condado de White Pine,Reclamos RECA del condado de White Pine NV: guía del área cubierta,"El condado de White Pine, Nevada, es un área cubierta de downwinders bajo RECA. Residentes de Ely, Ruth y McGill pueden calificar. Verificación gratuita, sin correo electrónico."
manhattan-project-waste,Manhattan Project Waste Areas,Multi-state,Covered,"St. Louis area MO, Oak Ridge area TN, Paducah area KY, Amchitka AK",Manhattan Project Waste RECA Claims: Who Is Covered,"Parts of Missouri, Tennessee, Kentucky and Alaska near Manhattan Project waste are covered under RECA. Newly added, most families have not heard. Free check.",Áreas de desechos del Proyecto Manhattan,Reclamos RECA por desechos del Proyecto Manhattan: quién está cubierto,"Partes de Missouri, Tennessee, Kentucky y Alaska cerca de desechos del Proyecto Manhattan están cubiertas bajo RECA. Recién añadidas; la mayoría de las familias no lo sabe. Verificación gratuita."
not-covered,"Montana, Colorado and Guam",Not covered,NOT COVERED,"Billings, Denver, Hagatna","Is Montana, Colorado or Guam Covered Under RECA? No.","Montana, Colorado and Guam are not covered under the current RECA law. They were removed before passage. A 2026 bill would add them but has not passed.","Montana, Colorado y Guam","¿Montana, Colorado o Guam están cubiertos por RECA? No.","Montana, Colorado y Guam no están cubiertos bajo la ley RECA actual. Fueron eliminados antes de la aprobación. Un proyecto de ley de 2026 los añadiría, pero no ha pasado."
nevada/eureka-county,Eureka County,Nevada,Covered,"Eureka, Crescent Valley, Beowawe",Eureka County NV RECA Claims: Covered Area Guide,"Eureka County, Nevada is a covered RECA downwinder area. Eureka and Crescent Valley residents may qualify. Free eligibility check, no email required.",Condado de Eureka,Reclamos RECA del condado de Eureka NV: guía del área cubierta,"El condado de Eureka, Nevada, es un área cubierta de downwinders bajo RECA. Residentes de Eureka y Crescent Valley pueden calificar. Verificación gratuita, sin correo electrónico."
nevada/lander-county,Lander County,Nevada,Covered,"Battle Mountain, Austin, Kingston",Lander County NV RECA Claims: Covered Area Guide,"Lander County, Nevada is a covered RECA downwinder area. Battle Mountain and Austin residents may qualify. Free eligibility check, no email required.",Condado de Lander,Reclamos RECA del condado de Lander NV: guía del área cubierta,"El condado de Lander, Nevada, es un área cubierta de downwinders bajo RECA. Residentes de Battle Mountain y Austin pueden calificar. Verificación gratuita, sin correo electrónico."
nevada/clark-county,Clark County (northeast corner only),Nevada,Certain counties only,"Moapa, Overton, Logandale, Bunkerville, Mesquite",Is Clark County Nevada Covered Under RECA? Partly.,"Only townships 13 to 16 at ranges 63 to 71 of Clark County are covered, the Moapa and Mesquite area. Las Vegas is not covered. Free eligibility check.",Condado de Clark (solo el rincón noreste),¿El condado de Clark en Nevada está cubierto por RECA? En parte.,"Solo los townships 13 a 16 en los rangos 63 a 71 del condado de Clark están cubiertos, el área de Moapa y Mesquite. Las Vegas no está cubierta. Verificación gratuita de elegibilidad."
